result,radiant_win,duration,start_time,game_mode,localized_name,kills,deaths,assists,primary_attr,attack_type,carry,jungler,pusher,nuker,disabler,initiator,durable,support,legs
0,1,3212,1639033178,22,Snapfire,4,8,17,all,Ranged,0,0,0,1,1,0,0,1,2
1,1,2571,1640818822,22,Bristleback,5,4,19,str,Melee,1,0,0,1,0,1,1,0,2
0,1,2142,1641277499,22,Chaos Knight,1,7,9,str,Melee,1,0,1,0,1,1,1,0,2
0,1,2025,1641775547,22,Lich,3,8,8,int,Ranged,0,0,0,1,0,0,0,1,2
1,0,3794,1646713648,22,Timbersaw,8,9,30,all,Melee,0,0,0,1,0,0,1,0,2
0,1,2139,1646890949,22,Winter Wyvern,1,9,13,all,Ranged,0,0,0,1,1,0,0,1,2
0,0,1996,1646893527,22,Shadow Shaman,1,11,7,int,Ranged,0,0,1,1,1,1,0,1,2
0,0,3208,1646896136,22,Spirit Breaker,7,9,17,str,Melee,1,0,0,0,1,1,1,0,2
0,1,3143,1647052838,22,Juggernaut,13,9,18,agi,Melee,1,0,1,0,0,0,0,0,2
1,0,3511,1647204398,22,Mars,5,6,17,str,Melee,1,0,0,0,1,1,1,0,2
0,1,2807,1647208694,22,Timbersaw,9,9,11,all,Melee,0,0,0,1,0,0,1,0,2
0,1,3506,1647212590,22,Timbersaw,6,9,14,all,Melee,0,0,0,1,0,0,1,0,2
0,1,3084,1647411143,22,Timbersaw,3,6,18,all,Melee,0,0,0,1,0,0,1,0,2
0,1,2186,1647552204,22,Mars,10,6,3,str,Melee,1,0,0,0,1,1,1,0,2
1,0,3628,1647555639,22,Chaos Knight,7,9,9,str,Melee,1,0,1,0,1,1,1,0,2
0,0,1853,1647575329,22,Chaos Knight,8,7,6,str,Melee,1,0,1,0,1,1,1,0,2
0,1,1906,1649814680,22,Skywrath Mage,9,12,14,int,Ranged,0,0,0,1,1,0,0,1,2
1,1,2978,1649817579,22,Snapfire,13,6,21,all,Ranged,0,0,0,1,1,0,0,1,2
0,1,2523,1649827377,22,Snapfire,6,5,11,all,Ranged,0,0,0,1,1,0,0,1,2
0,0,3093,1649830358,22,Snapfire,10,9,20,all,Ranged,0,0,0,1,1,0,0,1,2
1,1,2267,1649899086,22,Snapfire,3,2,20,all,Ranged,0,0,0,1,1,0,0,1,2
1,1,2609,1650151739,22,Pugna,6,10,26,int,Ranged,0,0,1,1,0,0,0,0,2
0,1,2151,1650154999,22,Pugna,0,11,11,int,Ranged,0,0,1,1,0,0,0,0,2
1,0,2032,1650157898,22,Timbersaw,14,3,23,all,Melee,0,0,0,1,0,0,1,0,2
0,1,1850,1650162162,22,Timbersaw,2,4,16,all,Melee,0,0,0,1,0,0,1,0,2
0,1,2354,1650169026,22,Mars,6,9,17,str,Melee,1,0,0,0,1,1,1,0,2
1,0,2048,1650171816,22,Timbersaw,5,1,21,all,Melee,0,0,0,1,0,0,1,0,2
0,0,2545,1650237359,22,Timbersaw,4,5,11,all,Melee,0,0,0,1,0,0,1,0,2
0,0,2067,1650240899,22,Drow Ranger,2,5,3,agi,Ranged,1,0,1,0,1,0,0,0,2
0,1,1447,1650342355,22,Snapfire,2,2,1,all,Ranged,0,0,0,1,1,0,0,1,2
1,1,1935,1650343893,22,Legion Commander,9,3,25,str,Melee,1,0,0,1,1,1,1,0,2
1,0,1899,1650346274,22,Legion Commander,12,1,7,str,Melee,1,0,0,1,1,1,1,0,2
0,0,1521,1650424745,22,Huskar,1,6,4,str,Ranged,1,0,0,0,0,1,1,0,2
1,0,1360,1650426598,22,Timbersaw,4,3,8,all,Melee,0,0,0,1,0,0,1,0,2
1,0,1893,1650428627,22,Ember Spirit,7,2,9,agi,Melee,1,0,0,1,1,1,0,0,2
0,1,2033,1650430967,22,Void Spirit,7,9,7,all,Melee,1,0,0,1,1,0,0,0,2
1,1,2287,1650433590,22,Kunkka,9,2,11,str,Melee,1,0,0,1,1,1,1,1,2
1,1,2180,1650436660,22,Kunkka,13,2,15,str,Melee,1,0,0,1,1,1,1,1,2
0,1,1989,1650590779,22,Shadow Shaman,3,10,6,int,Ranged,0,0,1,1,1,1,0,1,2
1,1,2687,1650593947,22,Legion Commander,23,6,22,str,Melee,1,0,0,1,1,1,1,0,2
0,0,3006,1650681354,22,Legion Commander,6,7,4,str,Melee,1,0,0,1,1,1,1,0,2
1,0,2221,1650852840,22,Sand King,13,3,24,all,Melee,0,0,0,1,1,1,0,1,6
1,0,3413,1650855624,22,Sand King,6,9,30,all,Melee,0,0,0,1,1,1,0,1,6
1,0,2808,1650860055,22,Sand King,7,6,21,all,Melee,0,0,0,1,1,1,0,1,6
1,0,3320,1650864040,22,Sand King,12,8,30,all,Melee,0,0,0,1,1,1,0,1,6
1,1,2027,1651987070,22,Snapfire,10,1,20,all,Ranged,0,0,0,1,1,0,0,1,2
1,1,2780,1651989788,22,Dragon Knight,9,6,13,str,Melee,1,0,1,1,1,1,1,0,2
0,1,2598,1652158220,22,Mars,4,7,11,str,Melee,1,0,0,0,1,1,1,0,2
0,0,1984,1652161201,22,Timbersaw,3,6,6,all,Melee,0,0,0,1,0,0,1,0,2
1,1,1939,1653026906,22,Snapfire,6,1,16,all,Ranged,0,0,0,1,1,0,0,1,2
1,0,3931,1653180472,22,Drow Ranger,23,11,18,agi,Ranged,1,0,1,0,1,0,0,0,2
0,1,2185,1653184944,22,Batrider,4,4,5,all,Ranged,0,0,0,0,1,1,0,0,2
1,1,2202,1653199996,22,Snapfire,10,1,20,all,Ranged,0,0,0,1,1,0,0,1,2
1,1,2227,1653202744,22,Snapfire,2,0,1,all,Ranged,0,0,0,1,1,0,0,1,2
0,0,2755,1653204360,22,Snapfire,4,7,18,all,Ranged,0,0,0,1,1,0,0,1,2
0,1,2650,1653207517,22,Mars,2,7,10,str,Melee,1,0,0,0,1,1,1,0,2
1,1,2123,1653455348,22,Snapfire,2,0,7,all,Ranged,0,0,0,1,1,0,0,1,2
1,0,2771,1653458024,22,Snapfire,9,4,25,all,Ranged,0,0,0,1,1,0,0,1,2
0,1,2276,1653529073,22,Crystal Maiden,2,10,16,int,Ranged,0,0,0,1,1,0,0,1,2
1,0,3779,1653533871,22,Juggernaut,17,6,24,agi,Melee,1,0,1,0,0,0,0,0,2
0,1,3912,1653629744,22,Snapfire,9,10,24,all,Ranged,0,0,0,1,1,0,0,1,2
0,1,2442,1653634304,22,Snapfire,1,4,9,all,Ranged,0,0,0,1,1,0,0,1,2
0,0,3810,1653771348,22,Sand King,5,6,33,all,Melee,0,0,0,1,1,1,0,1,6
0,0,570,1653780359,22,Sand King,4,2,1,all,Melee,0,0,0,1,1,1,0,1,6
1,0,1983,1653781275,22,Sand King,8,7,17,all,Melee,0,0,0,1,1,1,0,1,6
1,0,2798,1653784018,22,Sand King,11,5,25,all,Melee,0,0,0,1,1,1,0,1,6
0,0,1990,1653787253,22,Sand King,2,9,7,all,Melee,0,0,0,1,1,1,0,1,6
1,0,3342,1653884709,22,Juggernaut,13,4,14,agi,Melee,1,0,1,0,0,0,0,0,2
1,0,2729,1653888612,22,Phantom Assassin,16,5,18,agi,Melee,1,0,0,0,0,0,0,0,2
1,0,2366,1653891940,22,Kunkka,13,2,18,str,Melee,1,0,0,1,1,1,1,1,2
0,0,2564,1654232044,22,Grimstroke,5,6,13,int,Ranged,0,0,0,1,1,0,0,1,0
1,0,3106,1654235062,22,Kunkka,11,3,20,str,Melee,1,0,0,1,1,1,1,1,2
1,0,2387,1654238846,22,Kunkka,11,5,16,str,Melee,1,0,0,1,1,1,1,1,2
1,1,2372,1654465290,22,Snapfire,18,2,23,all,Ranged,0,0,0,1,1,0,0,1,2
0,0,2203,1654468116,22,Timbersaw,3,6,16,all,Melee,0,0,0,1,0,0,1,0,2
1,1,1950,1654494254,22,Chaos Knight,11,1,10,str,Melee,1,0,1,0,1,1,1,0,2
1,0,2845,1654575938,22,Chaos Knight,16,4,18,str,Melee,1,0,1,0,1,1,1,0,2
1,0,2827,1654579613,22,Phantom Assassin,11,6,14,agi,Melee,1,0,0,0,0,0,0,0,2
1,0,1601,1654583665,22,Juggernaut,5,2,6,agi,Melee,1,0,1,0,0,0,0,0,2
1,0,2637,1654841777,22,Beastmaster,4,6,14,all,Melee,0,0,0,1,1,1,1,0,2
1,0,1865,1654970567,22,Beastmaster,6,1,19,all,Melee,0,0,0,1,1,1,1,0,2
1,1,1937,1654973337,22,Beastmaster,7,1,10,all,Melee,0,0,0,1,1,1,1,0,2
1,0,3021,1654976064,22,Chaos Knight,21,4,19,str,Melee,1,0,1,0,1,1,1,0,2
1,0,2520,1654987400,22,Beastmaster,8,4,20,all,Melee,0,0,0,1,1,1,1,0,2
1,1,2442,1654990516,22,Snapfire,10,6,31,all,Ranged,0,0,0,1,1,0,0,1,2
1,1,3074,1655002670,22,Beastmaster,6,7,19,all,Melee,0,0,0,1,1,1,1,0,2
1,1,2611,1655010998,22,Beastmaster,3,3,18,all,Melee,0,0,0,1,1,1,1,0,2
1,1,2524,1655014125,22,Chaos Knight,19,1,6,str,Melee,1,0,1,0,1,1,1,0,2
1,1,2209,1655017846,22,Juggernaut,11,2,9,agi,Melee,1,0,1,0,0,0,0,0,2
0,0,2500,1655084099,22,Beastmaster,3,10,5,all,Melee,0,0,0,1,1,1,1,0,2
1,0,2442,1655088250,22,Snapfire,4,9,22,all,Ranged,0,0,0,1,1,0,0,1,2
1,1,3157,1655258677,22,Slardar,9,6,18,str,Melee,1,0,0,0,1,1,1,0,0
1,1,2604,1655265074,22,Slardar,5,3,26,str,Melee,1,0,0,0,1,1,1,0,0
1,0,2504,1655268143,22,Drow Ranger,12,4,13,agi,Ranged,1,0,1,0,1,0,0,0,2
1,1,2984,1655271072,22,Lion,6,9,20,int,Ranged,0,0,0,1,1,1,0,1,2
0,1,2939,1655274716,22,Snapfire,1,7,13,all,Ranged,0,0,0,1,1,0,0,1,2
1,0,2273,1655353541,22,Viper,19,3,12,agi,Ranged,1,0,0,0,1,1,1,0,0
1,1,2639,1655436118,22,Kunkka,2,7,12,str,Melee,1,0,0,1,1,1,1,1,2
0,0,2251,1655674281,22,Chaos Knight,5,6,3,str,Melee,1,0,1,0,1,1,1,0,2
1,0,2832,1655677190,22,Dragon Knight,8,7,29,str,Melee,1,0,1,1,1,1,1,0,2
0,1,1631,1655680720,22,Slardar,0,8,9,str,Melee,1,0,0,0,1,1,1,0,0
1,1,2144,1655697328,22,Beastmaster,1,3,27,all,Melee,0,0,0,1,1,1,1,0,2
1,1,5017,1655699828,22,Disruptor,3,9,60,int,Ranged,0,0,0,1,1,1,0,1,2
1,1,2560,1655778915,22,Monkey King,5,4,14,agi,Melee,1,0,0,0,1,1,0,0,2
0,1,2273,1655876157,22,Chaos Knight,10,6,7,str,Melee,1,0,1,0,1,1,1,0,2
1,1,4346,1656474747,22,Slardar,11,7,20,str,Melee,1,0,0,0,1,1,1,0,0
0,0,2304,1656480156,22,Monkey King,4,6,8,agi,Melee,1,0,0,0,1,1,0,0,2
1,0,1697,1656653116,22,Snapfire,4,2,11,all,Ranged,0,0,0,1,1,0,0,1,2
1,1,2803,1656655865,22,Winter Wyvern,1,5,20,all,Ranged,0,0,0,1,1,0,0,1,2
1,1,2329,1656659384,22,Bane,1,9,11,all,Ranged,0,0,0,1,1,0,1,1,4
1,0,2790,1656728658,22,Snapfire,5,6,21,all,Ranged,0,0,0,1,1,0,0,1,2
0,1,2524,1656732753,22,Dragon Knight,6,4,10,str,Melee,1,0,1,1,1,1,1,0,2
0,1,2224,1656736283,22,Monkey King,3,2,3,agi,Melee,1,0,0,0,1,1,0,0,2
0,1,2062,1656818400,22,Winter Wyvern,4,10,11,all,Ranged,0,0,0,1,1,0,0,1,2
1,1,2480,1656821029,22,Beastmaster,5,9,19,all,Melee,0,0,0,1,1,1,1,0,2
0,0,1689,1656887543,22,Beastmaster,1,11,4,all,Melee,0,0,0,1,1,1,1,0,2
1,0,3448,1656889975,22,Chaos Knight,17,6,18,str,Melee,1,0,1,0,1,1,1,0,2
0,1,2318,1656899230,22,Night Stalker,8,3,16,str,Melee,1,0,0,1,1,1,1,0,2
0,1,2514,1657075456,22,Windranger,3,8,13,all,Ranged,1,0,0,1,1,0,0,1,2
1,0,2807,1657078411,22,Sand King,7,9,29,all,Melee,0,0,0,1,1,1,0,1,6
0,1,1727,1657170045,22,Warlock,2,7,6,int,Ranged,0,0,0,0,1,1,0,1,2
0,1,1951,1657173673,22,Alchemist,1,5,5,str,Melee,1,0,0,1,1,1,1,1,2
0,1,2670,1657598646,22,Faceless Void,1,4,8,agi,Melee,1,0,0,0,1,1,1,0,2
0,0,2078,1657601912,22,Shadow Shaman,1,7,4,int,Ranged,0,0,1,1,1,1,0,1,2
1,0,2830,1658286613,22,Witch Doctor,8,7,19,int,Ranged,0,0,0,1,1,0,0,1,2
1,0,2543,1658470026,22,Snapfire,6,5,15,all,Ranged,0,0,0,1,1,0,0,1,2
1,1,2778,1658473005,22,Snapfire,7,5,12,all,Ranged,0,0,0,1,1,0,0,1,2
1,1,3253,1658532356,22,Snapfire,3,10,20,all,Ranged,0,0,0,1,1,0,0,1,2
0,1,2220,1658536132,22,Chaos Knight,8,7,6,str,Melee,1,0,1,0,1,1,1,0,2
0,0,2304,1658538641,22,Morphling,0,8,4,agi,Ranged,1,0,0,1,1,0,1,0,0
0,0,2925,1658543207,22,Monkey King,7,5,8,agi,Melee,1,0,0,0,1,1,0,0,2
0,0,4098,1658635434,22,Snapfire,2,11,37,all,Ranged,0,0,0,1,1,0,0,1,2
1,0,2692,1658640552,22,Snapfire,6,7,19,all,Ranged,0,0,0,1,1,0,0,1,2
0,1,2659,1658643942,22,Snapfire,2,7,19,all,Ranged,0,0,0,1,1,0,0,1,2
0,1,3142,1658647699,22,Razor,11,8,11,agi,Ranged,1,0,1,1,0,0,1,0,0
1,0,3387,1658726240,22,Snapfire,8,3,9,all,Ranged,0,0,0,1,1,0,0,1,2
1,1,1576,1658730301,22,Snapfire,3,2,14,all,Ranged,0,0,0,1,1,0,0,1,2
0,1,2130,1658883667,22,Viper,4,4,15,agi,Ranged,1,0,0,0,1,1,1,0,0
1,0,2021,1658886436,22,Jakiro,11,5,16,int,Ranged,0,0,1,1,1,0,0,1,2
1,1,2252,1658889176,22,Snapfire,5,3,17,all,Ranged,0,0,0,1,1,0,0,1,2
1,1,1912,1658972797,22,Zeus,13,4,23,int,Ranged,1,0,0,1,0,0,0,0,2
1,1,3677,1658978252,22,Zeus,5,9,30,int,Ranged,1,0,0,1,0,0,0,0,2
0,0,1905,1658982719,22,Zeus,2,6,19,int,Ranged,1,0,0,1,0,0,0,0,2
1,0,2359,1659127367,22,Beastmaster,7,2,10,all,Melee,0,0,0,1,1,1,1,0,2
1,1,1894,1659130531,22,Snapfire,6,2,17,all,Ranged,0,0,0,1,1,0,0,1,2
1,1,2178,1659132941,22,Zeus,3,4,18,int,Ranged,1,0,0,1,0,0,0,0,2
0,1,1788,1659137495,22,Jakiro,0,7,9,int,Ranged,0,0,1,1,1,0,0,1,2
0,0,1920,1659142464,22,Winter Wyvern,3,5,4,all,Ranged,0,0,0,1,1,0,0,1,2
0,0,3049,1659327873,22,Bristleback,4,4,20,str,Melee,1,0,0,1,0,1,1,0,2
1,1,3201,1659331625,22,Warlock,3,11,33,int,Ranged,0,0,0,0,1,1,0,1,2
0,1,2277,1659406598,22,Dazzle,1,7,9,all,Ranged,0,0,0,1,1,0,0,1,2
1,1,3852,1659579668,22,Zeus,2,9,20,int,Ranged,1,0,0,1,0,0,0,0,2
0,0,2838,1659584163,22,Warlock,2,6,17,int,Ranged,0,0,0,0,1,1,0,1,2
0,1,2312,1659587528,22,Beastmaster,3,8,10,all,Melee,0,0,0,1,1,1,1,0,2
1,1,2214,1659659561,22,Snapfire,6,3,17,all,Ranged,0,0,0,1,1,0,0,1,2
0,0,3110,1659674760,22,Phantom Lancer,6,4,15,agi,Melee,1,0,1,1,0,0,0,0,2
1,0,2158,1659679081,22,Chaos Knight,3,1,12,str,Melee,1,0,1,0,1,1,1,0,2
1,0,2673,1659682050,22,Death Prophet,7,8,21,int,Ranged,1,0,1,1,1,0,0,0,2
1,0,2945,1659685265,22,Legion Commander,5,5,19,str,Melee,1,0,0,1,1,1,1,0,2
1,1,2066,1659745276,22,Viper,5,3,5,agi,Ranged,1,0,0,0,1,1,1,0,0
0,0,3434,1659747830,22,Viper,3,4,9,agi,Ranged,1,0,0,0,1,1,1,0,0
1,0,2338,1659845094,22,Mars,8,2,21,str,Melee,1,0,0,0,1,1,1,0,2
0,0,3196,1659850493,22,Slardar,10,8,20,str,Melee,1,0,0,0,1,1,1,0,0
1,0,2645,1659854667,22,Razor,6,7,18,agi,Ranged,1,0,1,1,0,0,1,0,0
1,0,2496,1659902441,22,Tidehunter,4,1,8,str,Melee,1,0,0,1,1,1,1,0,2
0,0,2364,1659914625,22,Mars,3,6,9,str,Melee,1,0,0,0,1,1,1,0,2
0,0,1902,1659917574,22,Enchantress,2,5,6,int,Ranged,0,0,1,0,1,0,1,1,4
1,0,3474,1659920323,22,Warlock,1,8,24,int,Ranged,0,0,0,0,1,1,0,1,2
0,1,2492,1660007191,22,Dawnbreaker,3,11,12,str,Melee,1,0,0,0,0,0,1,0,2
0,0,2706,1660020724,22,Snapfire,6,9,13,all,Ranged,0,0,0,1,1,0,0,1,2
0,1,1853,1660024437,22,Snapfire,2,6,5,all,Ranged,0,0,0,1,1,0,0,1,2
0,0,3157,1660367317,22,Puck,10,9,16,int,Ranged,0,0,0,1,1,1,0,0,2
0,0,1920,1660372189,22,Puck,4,7,11,int,Ranged,0,0,0,1,1,1,0,0,2
1,1,2973,1660375578,22,Puck,10,5,18,int,Ranged,0,0,0,1,1,1,0,0,2
1,1,3105,1660434283,22,Puck,7,6,19,int,Ranged,0,0,0,1,1,1,0,0,2
1,0,2127,1660791804,22,Zeus,2,7,22,int,Ranged,1,0,0,1,0,0,0,0,2
0,1,2216,1660796708,22,Snapfire,4,8,17,all,Ranged,0,0,0,1,1,0,0,1,2
1,1,2084,1660799398,22,Snapfire,4,3,13,all,Ranged,0,0,0,1,1,0,0,1,2
1,0,3111,1660802107,22,Zeus,8,9,30,int,Ranged,1,0,0,1,0,0,0,0,2
1,1,2063,1660860538,22,Zeus,4,6,10,int,Ranged,1,0,0,1,0,0,0,0,2
0,1,2618,1661229613,22,Zeus,9,10,13,int,Ranged,1,0,0,1,0,0,0,0,2
0,1,2351,1661232744,22,Timbersaw,6,8,10,all,Melee,0,0,0,1,0,0,1,0,2
0,1,2388,1661289705,22,Juggernaut,5,5,8,agi,Melee,1,0,1,0,0,0,0,0,2
0,1,3097,1661660003,22,Omniknight,1,8,24,str,Melee,0,0,0,1,0,0,1,1,2
0,1,2010,1661663559,22,Warlock,1,12,6,int,Ranged,0,0,0,0,1,1,0,1,2
0,0,2710,1661666007,22,Legion Commander,5,9,18,str,Melee,1,0,0,1,1,1,1,0,2
0,1,3270,1661669192,22,Slardar,6,11,10,str,Melee,1,0,0,0,1,1,1,0,0
0,1,2457,1662009728,22,Dazzle,4,10,19,all,Ranged,0,0,0,1,1,0,0,1,2
0,1,1887,1662014013,22,Primal Beast,4,11,7,str,Melee,0,0,0,0,1,1,1,0,2
0,1,3718,1662085333,22,Crystal Maiden,11,9,19,int,Ranged,0,0,0,1,1,0,0,1,2
1,0,2532,1662246280,22,Chaos Knight,18,3,11,str,Melee,1,0,1,0,1,1,1,0,2
0,0,2235,1662404860,22,Crystal Maiden,0,11,10,int,Ranged,0,0,0,1,1,0,0,1,2
0,1,1500,1662407541,22,Dazzle,3,8,1,all,Ranged,0,0,0,1,1,0,0,1,2
1,0,2532,1662409570,22,Mars,7,4,19,str,Melee,1,0,0,0,1,1,1,0,2
0,1,2170,1662424171,22,Phantom Assassin,4,7,6,agi,Melee,1,0,0,0,0,0,0,0,2
1,1,3310,1662437917,22,Ogre Magi,1,12,28,str,Melee,0,0,0,1,1,1,1,1,2
0,1,2298,1662441655,22,Omniknight,0,7,9,str,Melee,0,0,0,1,0,0,1,1,2
0,1,1667,1662522264,22,Slardar,3,4,2,str,Melee,1,0,0,0,1,1,1,0,0
0,1,2718,1662524751,22,Crystal Maiden,1,6,17,int,Ranged,0,0,0,1,1,0,0,1,2
1,1,2525,1662946154,22,Mirana,1,2,31,all,Ranged,1,0,0,1,1,0,0,1,2
1,1,2543,1662948997,22,Windranger,7,8,24,all,Ranged,1,0,0,1,1,0,0,1,2
1,0,1524,1662952098,22,Jakiro,2,0,25,int,Ranged,0,0,1,1,1,0,0,1,2
1,1,3186,1662954039,22,Crystal Maiden,2,14,32,int,Ranged,0,0,0,1,1,0,0,1,2
1,1,2647,1662958769,22,Mirana,3,5,19,all,Ranged,1,0,0,1,1,0,0,1,2
1,1,2015,1662962138,22,Winter Wyvern,2,6,17,all,Ranged,0,0,0,1,1,0,0,1,2
0,1,2588,1663041836,22,Sven,9,5,8,str,Melee,1,0,0,1,1,1,1,0,2
1,1,2403,1663045151,22,Faceless Void,7,4,12,agi,Melee,1,0,0,0,1,1,1,0,2
0,0,2723,1663048192,22,Faceless Void,5,5,6,agi,Melee,1,0,0,0,1,1,1,0,2
1,0,2882,1663471501,22,Witch Doctor,10,8,21,int,Ranged,0,0,0,1,1,0,0,1,2
0,1,2759,1663539671,22,Dazzle,2,13,21,all,Ranged,0,0,0,1,1,0,0,1,2
1,0,2378,1663543359,22,Slardar,7,5,26,str,Melee,1,0,0,0,1,1,1,0,0
1,1,2024,1663548862,22,Chaos Knight,9,1,16,str,Melee,1,0,1,0,1,1,1,0,2
0,0,2690,1663561246,22,Phantom Lancer,5,7,12,agi,Melee,1,0,1,1,0,0,0,0,2
0,1,2474,1663564428,22,Death Prophet,2,7,6,int,Ranged,1,0,1,1,1,0,0,0,2
0,1,1933,1663719954,22,Mirana,2,10,8,all,Ranged,1,0,0,1,1,0,0,1,2
1,0,2860,1663722367,22,Undying,9,9,21,str,Melee,0,0,0,1,1,0,1,1,2
1,1,2007,1663808880,22,Undying,7,3,24,str,Melee,0,0,0,1,1,0,1,1,2
1,1,2041,1663811731,22,Undying,3,4,16,str,Melee,0,0,0,1,1,0,1,1,2
0,1,3380,1663814245,22,Crystal Maiden,7,15,15,int,Ranged,0,0,0,1,1,0,0,1,2
0,1,3264,1663982738,22,Undying,12,12,35,str,Melee,0,0,0,1,1,0,1,1,2
1,1,2635,1663986552,22,Chaos Knight,11,6,8,str,Melee,1,0,1,0,1,1,1,0,2
0,0,2758,1663989643,22,Legion Commander,6,10,10,str,Melee,1,0,0,1,1,1,1,0,2
1,0,1815,1663993727,22,Mars,6,4,13,str,Melee,1,0,0,0,1,1,1,0,2
1,0,2045,1663996388,22,Beastmaster,4,5,20,all,Melee,0,0,0,1,1,1,1,0,2
0,1,2104,1663999074,22,Tidehunter,0,8,4,str,Melee,1,0,0,1,1,1,1,0,2
1,0,1913,1664063710,22,Witch Doctor,9,6,19,int,Ranged,0,0,0,1,1,0,0,1,2
1,1,2726,1664066150,22,Undying,5,8,31,str,Melee,0,0,0,1,1,0,1,1,2
1,0,1805,1664080049,22,Undying,7,7,27,str,Melee,0,0,0,1,1,0,1,1,2
0,0,3999,1664166221,22,Undying,5,19,42,str,Melee,0,0,0,1,1,0,1,1,2
0,1,1883,1664170576,22,Witch Doctor,8,8,8,int,Ranged,0,0,0,1,1,0,0,1,2
0,1,1895,1664250292,22,Undying,1,7,11,str,Melee,0,0,0,1,1,0,1,1,2
1,1,2190,1664253949,22,Medusa,9,0,12,agi,Ranged,1,0,0,0,1,0,1,0,0
1,0,2492,1664256797,22,Phantom Assassin,16,2,9,agi,Melee,1,0,0,0,0,0,0,0,2
0,0,2514,1664341373,22,Phantom Lancer,5,9,10,agi,Melee,1,0,1,1,0,0,0,0,2
1,0,1820,1664594548,22,Chaos Knight,9,4,8,str,Melee,1,0,1,0,1,1,1,0,2
0,0,2751,1664598621,22,Medusa,14,8,13,agi,Ranged,1,0,0,0,1,0,1,0,0
0,0,3235,1665029233,22,Lion,3,7,15,int,Ranged,0,0,0,1,1,1,0,1,2
0,1,3285,1665033044,22,Lina,12,8,12,int,Ranged,1,0,0,1,1,0,0,1,2
1,1,2337,1665181020,22,Chaos Knight,16,2,14,str,Melee,1,0,1,0,1,1,1,0,2
1,1,2218,1665185712,22,Chaos Knight,12,3,8,str,Melee,1,0,1,0,1,1,1,0,2
1,0,3329,1665201601,22,Drow Ranger,10,3,19,agi,Ranged,1,0,1,0,1,0,0,0,2
0,1,2389,1665205424,22,Jakiro,4,11,9,int,Ranged,0,0,1,1,1,0,0,1,2
1,0,2674,1665208233,22,Slardar,6,5,14,str,Melee,1,0,0,0,1,1,1,0,0
0,1,2530,1665282039,22,Chaos Knight,17,10,8,str,Melee,1,0,1,0,1,1,1,0,2
1,0,2292,1665285521,22,Viper,4,4,22,agi,Ranged,1,0,0,0,1,1,1,0,0
0,0,2518,1665361420,22,Night Stalker,8,6,6,str,Melee,1,0,0,1,1,1,1,0,2
1,0,2550,1665365965,22,Medusa,6,0,14,agi,Ranged,1,0,0,0,1,0,1,0,0
1,1,2260,1665372561,22,Viper,7,6,12,agi,Ranged,1,0,0,0,1,1,1,0,0
0,1,1974,1665375279,22,Mars,5,8,12,str,Melee,1,0,0,0,1,1,1,0,2
1,0,2570,1665377868,22,Chaos Knight,9,3,8,str,Melee,1,0,1,0,1,1,1,0,2
1,0,2460,1665381048,22,Monkey King,8,4,14,agi,Melee,1,0,0,0,1,1,0,0,2
1,0,2641,1665389647,22,Witch Doctor,6,8,14,int,Ranged,0,0,0,1,1,0,0,1,2
0,0,3154,1665442285,22,Undying,4,5,23,str,Melee,0,0,0,1,1,0,1,1,2
1,1,2181,1665446810,22,Viper,4,5,10,agi,Ranged,1,0,0,0,1,1,1,0,0
1,1,2405,1665450166,22,Chaos Knight,11,3,11,str,Melee,1,0,1,0,1,1,1,0,2
0,1,1856,1665453557,22,Mars,2,9,6,str,Melee,1,0,0,0,1,1,1,0,2
1,0,2474,1665456318,22,Viper,14,4,18,agi,Ranged,1,0,0,0,1,1,1,0,0
1,0,2271,1665459576,22,Chaos Knight,11,2,10,str,Melee,1,0,1,0,1,1,1,0,2
1,0,3432,1665463018,22,Slardar,8,9,23,str,Melee,1,0,0,0,1,1,1,0,0
0,0,2790,1665536336,22,Snapfire,1,7,12,all,Ranged,0,0,0,1,1,0,0,1,2
0,1,2752,1665544982,22,Chaos Knight,17,11,15,str,Melee,1,0,1,0,1,1,1,0,2
1,1,2389,1665548423,22,Viper,7,10,14,agi,Ranged,1,0,0,0,1,1,1,0,0
0,0,2576,1665551514,22,Drow Ranger,7,6,13,agi,Ranged,1,0,1,0,1,0,0,0,2
0,1,2434,1665630130,22,Viper,5,6,14,agi,Ranged,1,0,0,0,1,1,1,0,0
0,0,1378,1665715500,22,Viper,3,3,1,agi,Ranged,1,0,0,0,1,1,1,0,0
0,1,1918,1666317677,22,Lina,1,7,2,int,Ranged,1,0,0,1,1,0,0,1,2
0,1,1590,1666319966,22,Chaos Knight,4,5,8,str,Melee,1,0,1,0,1,1,1,0,2
1,1,2869,1666572854,22,Windranger,8,9,22,all,Ranged,1,0,0,1,1,0,0,1,2
0,1,2128,1666577939,22,Hoodwink,6,4,12,agi,Ranged,0,0,0,1,1,0,0,1,4
0,1,4023,1666669461,22,Venomancer,4,15,26,all,Ranged,0,0,1,1,1,1,0,1,0
1,1,2911,1666673942,22,Hoodwink,11,8,20,agi,Ranged,0,0,0,1,1,0,0,1,4
0,0,2404,1666677510,22,Slardar,3,8,10,str,Melee,1,0,0,0,1,1,1,0,0
0,0,2950,1666680457,22,Hoodwink,4,8,11,agi,Ranged,0,0,0,1,1,0,0,1,4
1,1,1713,1666754654,22,Hoodwink,5,2,6,agi,Ranged,0,0,0,1,1,0,0,1,4
1,0,3108,1666756800,22,Witch Doctor,4,9,21,int,Ranged,0,0,0,1,1,0,0,1,2
0,0,1785,1666760851,22,Lich,2,10,10,int,Ranged,0,0,0,1,0,0,0,1,2
0,0,3046,1666928735,22,Hoodwink,8,14,23,agi,Ranged,0,0,0,1,1,0,0,1,4
1,1,3136,1666935887,22,Slark,14,5,9,agi,Melee,1,0,0,1,1,0,0,0,2
0,0,4028,1666940384,22,Naga Siren,23,6,23,agi,Melee,1,0,1,0,1,1,0,1,0
1,1,2498,1667274238,22,Winter Wyvern,7,10,23,all,Ranged,0,0,0,1,1,0,0,1,2
0,1,2650,1667277447,22,Lion,3,12,21,int,Ranged,0,0,0,1,1,1,0,1,2
0,0,2502,1667281152,22,Lifestealer,2,7,12,str,Melee,1,0,0,0,1,0,1,0,2
1,1,3084,1667350394,22,Hoodwink,10,6,29,agi,Ranged,0,0,0,1,1,0,0,1,4
1,1,2191,1667359164,22,Hoodwink,4,5,19,agi,Ranged,0,0,0,1,1,0,0,1,4
1,0,2211,1667361795,22,Hoodwink,8,6,16,agi,Ranged,0,0,0,1,1,0,0,1,4
0,1,4718,1667446979,22,Hoodwink,4,14,31,agi,Ranged,0,0,0,1,1,0,0,1,4
1,1,2613,1667452365,22,Tidehunter,5,2,27,str,Melee,1,0,0,1,1,1,1,0,2
0,1,2631,1667456070,22,Broodmother,6,6,14,all,Melee,1,0,1,1,0,0,0,0,8
1,1,2199,1667606240,22,Hoodwink,7,7,18,agi,Ranged,0,0,0,1,1,0,0,1,4
1,1,2296,1667713151,22,Hoodwink,7,8,14,agi,Ranged,0,0,0,1,1,0,0,1,4
0,1,3850,1667793173,22,Hoodwink,4,13,30,agi,Ranged,0,0,0,1,1,0,0,1,4
1,1,2166,1667875556,22,Hoodwink,6,6,8,agi,Ranged,0,0,0,1,1,0,0,1,4
0,0,3148,1668134318,22,Witch Doctor,8,15,14,int,Ranged,0,0,0,1,1,0,0,1,2
0,0,3177,1668138086,22,Broodmother,6,5,22,all,Melee,1,0,1,1,0,0,0,0,8
0,1,3432,1668142281,22,Axe,10,12,13,str,Melee,1,0,0,0,1,1,1,0,2
0,1,2077,1668212933,22,Spectre,2,6,7,agi,Melee,1,0,0,0,0,0,1,0,0
0,1,1722,1668216124,22,Drow Ranger,11,5,5,agi,Ranged,1,0,1,0,1,0,0,0,2
0,0,2791,1668218702,22,Hoodwink,5,5,17,agi,Ranged,0,0,0,1,1,0,0,1,4
1,1,2876,1668222982,22,Techies,6,9,18,all,Ranged,0,0,0,1,1,0,0,0,6
1,1,2380,1668226398,22,Chaos Knight,16,3,15,str,Melee,1,0,1,0,1,1,1,0,2
1,0,3708,1668293650,22,Techies,20,16,20,all,Ranged,0,0,0,1,1,0,0,0,6
0,1,3279,1668297752,22,Techies,15,15,19,all,Ranged,0,0,0,1,1,0,0,0,6
0,1,2990,1668313239,22,Techies,4,9,15,all,Ranged,0,0,0,1,1,0,0,0,6
0,1,3263,1668316555,22,Slark,13,8,13,agi,Melee,1,0,0,1,1,0,0,0,2
0,0,2368,1668390394,22,Hoodwink,2,8,14,agi,Ranged,0,0,0,1,1,0,0,1,4
0,0,2520,1668393308,22,Viper,8,7,6,agi,Ranged,1,0,0,0,1,1,1,0,0
0,0,3231,1668396534,22,Spirit Breaker,1,13,17,str,Melee,1,0,0,0,1,1,1,0,2
0,1,4700,1668489355,22,Disruptor,8,14,42,int,Ranged,0,0,0,1,1,1,0,1,2
0,1,2495,1668555404,22,Disruptor,3,12,11,int,Ranged,0,0,0,1,1,1,0,1,2
1,1,2765,1668558966,22,Drow Ranger,15,5,18,agi,Ranged,1,0,1,0,1,0,0,0,2
0,1,2840,1668562193,22,Chaos Knight,12,5,10,str,Melee,1,0,1,0,1,1,1,0,2
1,1,1980,1668567945,22,Drow Ranger,13,2,16,agi,Ranged,1,0,1,0,1,0,0,0,2
1,1,1957,1668637811,22,Medusa,12,2,16,agi,Ranged,1,0,0,0,1,0,1,0,0
1,0,2803,1668650267,22,Naga Siren,7,3,10,agi,Melee,1,0,1,0,1,1,0,1,0
1,1,1980,1668730104,22,Bloodseeker,11,2,8,agi,Melee,1,0,0,1,1,1,0,0,2
0,1,3647,1668742437,22,Riki,15,11,31,agi,Melee,1,0,0,0,1,0,0,0,2
1,1,2691,1668807736,22,Broodmother,8,8,13,all,Melee,1,0,1,1,0,0,0,0,8
0,1,1949,1668811239,22,Visage,4,7,9,all,Ranged,0,0,1,1,1,0,1,1,2
0,1,2779,1668897327,22,Enchantress,13,8,10,int,Ranged,0,0,1,0,1,0,1,1,4
0,0,3622,1668997374,22,Tidehunter,7,13,31,str,Melee,1,0,0,1,1,1,1,0,2
0,0,1941,1669001764,22,Phantom Assassin,7,6,8,agi,Melee,1,0,0,0,0,0,0,0,2
1,0,2676,1669004226,22,Riki,11,10,22,agi,Melee,1,0,0,0,1,0,0,0,2
1,0,2123,1669059591,22,Bloodseeker,9,4,14,agi,Melee,1,0,0,1,1,1,0,0,2
0,1,2764,1669062314,22,Drow Ranger,10,8,16,agi,Ranged,1,0,1,0,1,0,0,0,2
1,1,2824,1669069267,22,Medusa,5,2,13,agi,Ranged,1,0,0,0,1,0,1,0,0
1,0,2670,1669072644,22,Chaos Knight,21,6,9,str,Melee,1,0,1,0,1,1,1,0,2
0,0,2183,1669089040,22,Drow Ranger,7,5,13,agi,Ranged,1,0,1,0,1,0,0,0,2
1,1,3881,1669171160,22,Huskar,18,7,18,str,Ranged,1,0,0,0,0,1,1,0,2
0,1,2780,1669183069,22,Huskar,17,8,9,str,Ranged,1,0,0,0,0,1,1,0,2
1,1,1947,1669237961,22,Disruptor,5,1,24,int,Ranged,0,0,0,1,1,1,0,1,2
0,1,2311,1669240401,22,Disruptor,5,14,14,int,Ranged,0,0,0,1,1,1,0,1,2
0,1,2968,1669244110,22,Crystal Maiden,5,12,26,int,Ranged,0,0,0,1,1,0,0,1,2
0,1,3082,1669437621,22,Broodmother,10,10,11,all,Melee,1,0,1,1,0,0,0,0,8
0,1,2831,1669441281,22,Drow Ranger,9,11,7,agi,Ranged,1,0,1,0,1,0,0,0,2
1,1,3089,1669444599,22,Naga Siren,5,7,15,agi,Melee,1,0,1,0,1,1,0,1,0
1,1,2606,1669448123,22,Bloodseeker,18,3,20,agi,Melee,1,0,0,1,1,1,0,0,2
1,0,2365,1669523017,22,Hoodwink,1,7,17,agi,Ranged,0,0,0,1,1,0,0,1,4
1,0,2043,1669526144,22,Hoodwink,2,6,20,agi,Ranged,0,0,0,1,1,0,0,1,4
0,1,2139,1669529284,22,Bloodseeker,6,6,11,agi,Melee,1,0,0,1,1,1,0,0,2
0,0,1852,1669532591,22,Chaos Knight,4,7,10,str,Melee,1,0,1,0,1,1,1,0,2
0,1,1984,1669586418,22,Rubick,0,10,6,int,Ranged,0,0,0,1,1,0,0,1,2
0,1,2803,1669592935,22,Ember Spirit,14,7,17,agi,Melee,1,0,0,1,1,1,0,0,2
1,0,3103,1669596394,22,Huskar,23,8,19,str,Ranged,1,0,0,0,0,1,1,0,2
1,1,2056,1669601830,22,Huskar,10,6,8,str,Ranged,1,0,0,0,0,1,1,0,2
1,0,3220,1669693371,22,Huskar,18,11,19,str,Ranged,1,0,0,0,0,1,1,0,2
1,1,1567,1669702798,22,Huskar,19,2,10,str,Ranged,1,0,0,0,0,1,1,0,2
0,1,2684,1669758978,22,Ember Spirit,0,11,13,agi,Melee,1,0,0,1,1,1,0,0,2
0,1,3108,1669762142,22,Huskar,8,13,19,str,Ranged,1,0,0,0,0,1,1,0,2
1,0,2095,1669765784,22,Huskar,6,7,9,str,Ranged,1,0,0,0,0,1,1,0,2
0,1,2047,1669770404,22,Huskar,4,12,9,str,Ranged,1,0,0,0,0,1,1,0,2
0,1,2316,1669773755,22,Disruptor,6,10,15,int,Ranged,0,0,0,1,1,1,0,1,2
1,0,4142,1669777251,22,Naga Siren,7,6,27,agi,Melee,1,0,1,0,1,1,0,1,0
0,0,2077,1669836069,22,Drow Ranger,9,8,7,agi,Ranged,1,0,1,0,1,0,0,0,2
1,0,2216,1669867985,22,Huskar,12,2,10,str,Ranged,1,0,0,0,0,1,1,0,2
0,0,2449,1669871045,22,Tidehunter,1,8,5,str,Melee,1,0,0,1,1,1,1,0,2
1,1,1450,1669874510,22,Huskar,8,1,4,str,Ranged,1,0,0,0,0,1,1,0,2
1,0,2652,1669876548,22,Huskar,10,4,10,str,Ranged,1,0,0,0,0,1,1,0,2
1,0,3059,1670031439,22,Shadow Fiend,1,11,10,agi,Ranged,1,0,0,1,0,0,0,0,0
1,0,2708,1670035105,22,Sniper,23,4,19,agi,Ranged,1,0,0,1,0,0,0,0,2
0,1,2722,1670038275,22,Broodmother,10,6,10,all,Melee,1,0,1,1,0,0,0,0,8
1,0,2500,1670041579,22,Huskar,16,7,16,str,Ranged,1,0,0,0,0,1,1,0,2
0,0,2522,1670047833,22,Huskar,3,13,6,str,Ranged,1,0,0,0,0,1,1,0,2
0,0,2495,1670111645,22,Pangolier,6,9,11,all,Melee,1,0,0,1,1,1,1,0,2
1,1,3385,1670114588,22,Tiny,5,9,18,str,Melee,1,0,1,1,1,1,1,0,2
0,1,2279,1670202066,22,Witch Doctor,4,13,10,int,Ranged,0,0,0,1,1,0,0,1,2
0,1,2355,1670205050,22,Chaos Knight,9,4,6,str,Melee,1,0,1,0,1,1,1,0,2
1,0,4069,1670474646,22,Sniper,33,10,20,agi,Ranged,1,0,0,1,0,0,0,0,2
0,0,3229,1670482657,22,Slark,9,12,15,agi,Melee,1,0,0,1,1,0,0,0,2
1,0,2911,1670990085,22,Silencer,3,15,26,int,Ranged,1,0,0,1,1,1,0,1,2
1,0,2028,1672447140,22,Venomancer,12,2,12,all,Ranged,0,0,1,1,1,1,0,1,0
1,1,2552,1672450394,22,Huskar,21,1,11,str,Ranged,1,0,0,0,0,1,1,0,2
0,1,2406,1672453848,22,Hoodwink,9,10,16,agi,Ranged,0,0,0,1,1,0,0,1,4
0,1,3732,1672712267,22,Bloodseeker,14,10,14,agi,Melee,1,0,0,1,1,1,0,0,2
1,1,2525,1672722615,22,Medusa,7,0,11,agi,Ranged,1,0,0,0,1,0,1,0,0
0,0,2416,1672725568,22,Spectre,3,6,8,agi,Melee,1,0,0,0,0,0,1,0,0
1,0,3214,1672897206,22,Legion Commander,12,7,9,str,Melee,1,0,0,1,1,1,1,0,2
1,1,2845,1672901192,22,Mars,6,5,15,str,Melee,1,0,0,0,1,1,1,0,2
1,1,3937,1673141126,22,Hoodwink,5,11,17,agi,Ranged,0,0,0,1,1,0,0,1,4
0,0,3332,1673147329,22,Mars,4,5,18,str,Melee,1,0,0,0,1,1,1,0,2
0,1,2730,1673413283,22,Slardar,3,7,16,str,Melee,1,0,0,0,1,1,1,0,0
0,0,3222,1673416717,22,Mars,4,9,20,str,Melee,1,0,0,0,1,1,1,0,2
1,0,2207,1673501903,22,Slark,7,2,10,agi,Melee,1,0,0,1,1,0,0,0,2
1,1,2382,1673505027,22,Lina,13,1,9,int,Ranged,1,0,0,1,1,0,0,1,2
0,0,2724,1674006656,22,Treant Protector,6,9,21,str,Melee,0,0,0,0,1,1,1,1,2
1,1,2141,1674010230,22,Lina,16,1,18,int,Ranged,1,0,0,1,1,0,0,1,2
0,0,2968,1674018266,22,Treant Protector,8,5,15,str,Melee,0,0,0,0,1,1,1,1,2
1,0,2209,1674101647,22,Lina,13,4,10,int,Ranged,1,0,0,1,1,0,0,1,2
0,0,2138,1674104715,22,Lina,7,10,6,int,Ranged,1,0,0,1,1,0,0,1,2
0,0,2780,1674107491,22,Chaos Knight,7,8,10,str,Melee,1,0,1,0,1,1,1,0,2
0,1,2790,1674187411,22,Witch Doctor,5,13,8,int,Ranged,0,0,0,1,1,0,0,1,2
1,0,3789,1674195008,22,Riki,11,3,42,agi,Melee,1,0,0,0,1,0,0,0,2
0,1,2384,1674367914,22,Legion Commander,9,6,17,str,Melee,1,0,0,1,1,1,1,0,2
1,0,3074,1674371122,22,Riki,1,6,34,agi,Melee,1,0,0,0,1,0,0,0,2
1,0,2874,1674439599,22,Riki,10,8,42,agi,Melee,1,0,0,0,1,0,0,0,2
0,0,2924,1674534709,22,Huskar,9,11,6,str,Ranged,1,0,0,0,0,1,1,0,2
0,0,2874,1674542256,22,Lina,17,8,10,int,Ranged,1,0,0,1,1,0,0,1,2
0,1,3050,1674626971,22,Lifestealer,8,5,14,str,Melee,1,0,0,0,1,0,1,0,2
1,1,4440,1674708338,22,Riki,5,10,46,agi,Melee,1,0,0,0,1,0,0,0,2
1,1,1862,1674713403,22,Riki,7,3,26,agi,Melee,1,0,0,0,1,0,0,0,2
0,1,2488,1674715688,22,Riki,3,13,24,agi,Melee,1,0,0,0,1,0,0,0,2
1,0,2286,1674719391,22,Slark,19,1,11,agi,Melee,1,0,0,1,1,0,0,0,2
0,0,2996,1675314770,22,Beastmaster,8,16,20,all,Melee,0,0,0,1,1,1,1,0,2
0,1,3653,1675318178,22,Hoodwink,15,11,24,agi,Ranged,0,0,0,1,1,0,0,1,4
0,0,2451,1675322545,22,Riki,7,11,28,agi,Melee,1,0,0,0,1,0,0,0,2
1,1,2445,1675380823,22,Witch Doctor,12,7,22,int,Ranged,0,0,0,1,1,0,0,1,2
0,1,2219,1675384180,22,Lina,9,13,9,int,Ranged,1,0,0,1,1,0,0,1,2
1,1,2968,1675387467,22,Lina,18,6,7,int,Ranged,1,0,0,1,1,0,0,1,2
1,1,2532,1675392599,22,Slark,24,0,11,agi,Melee,1,0,0,1,1,0,0,0,2
0,1,2697,1675400879,22,Slark,9,5,6,agi,Melee,1,0,0,1,1,0,0,0,2
1,1,2190,1675470302,22,Sniper,8,3,13,agi,Ranged,1,0,0,1,0,0,0,0,2
1,1,3168,1675539899,22,Naga Siren,9,3,19,agi,Melee,1,0,1,0,1,1,0,1,0
0,1,2911,1675543875,22,Chaos Knight,6,10,14,str,Melee,1,0,1,0,1,1,1,0,2
1,0,2528,1675547770,22,Drow Ranger,13,7,14,agi,Ranged,1,0,1,0,1,0,0,0,2
0,0,2571,1675550874,22,Lina,10,9,8,int,Ranged,1,0,0,1,1,0,0,1,2
1,0,3247,1675637522,22,Slark,33,5,16,agi,Melee,1,0,0,1,1,0,0,0,2
0,1,1572,1675641181,22,Slark,0,6,6,agi,Melee,1,0,0,1,1,0,0,0,2
0,1,1800,1675646174,22,Riki,2,6,24,agi,Melee,1,0,0,0,1,0,0,0,2
1,1,2053,1675648916,22,Hoodwink,14,5,16,agi,Ranged,0,0,0,1,1,0,0,1,4
1,1,2215,1675651763,22,Viper,13,5,22,agi,Ranged,1,0,0,0,1,1,1,0,0
1,0,2849,1675654399,22,Riki,6,4,36,agi,Melee,1,0,0,0,1,0,0,0,2
1,1,3518,1675923747,22,Silencer,10,14,40,int,Ranged,1,0,0,1,1,1,0,1,2
1,1,2940,1675927960,22,Silencer,7,6,31,int,Ranged,1,0,0,1,1,1,0,1,2
1,0,2477,1675994305,22,Crystal Maiden,0,10,23,int,Ranged,0,0,0,1,1,0,0,1,2
0,1,1647,1676004083,22,Riki,1,6,16,agi,Melee,1,0,0,0,1,0,0,0,2
0,1,2417,1676006728,22,Death Prophet,9,9,18,int,Ranged,1,0,1,1,1,0,0,0,2
0,1,2980,1676086241,22,Legion Commander,2,10,14,str,Melee,1,0,0,1,1,1,1,0,2
0,0,3070,1676089919,22,Rubick,5,12,20,int,Ranged,0,0,0,1,1,0,0,1,2
1,1,3033,1676093731,22,Lina,19,9,10,int,Ranged,1,0,0,1,1,0,0,1,2
1,0,3661,1676097309,22,Lina,13,8,14,int,Ranged,1,0,0,1,1,0,0,1,2
1,1,1782,1676163491,22,Slark,12,3,8,agi,Melee,1,0,0,1,1,0,0,0,2
0,1,3213,1676165856,22,Slark,3,9,13,agi,Melee,1,0,0,1,1,0,0,0,2
1,1,2772,1676180727,22,Riki,2,7,27,agi,Melee,1,0,0,0,1,0,0,0,2
0,0,3418,1676350785,22,Riki,3,12,33,agi,Melee,1,0,0,0,1,0,0,0,2
1,0,3355,1676355224,22,Death Prophet,16,11,31,int,Ranged,1,0,1,1,1,0,0,0,2
0,1,3308,1676359231,22,Death Prophet,9,10,17,int,Ranged,1,0,1,1,1,0,0,0,2
0,1,2150,1676432915,22,Death Prophet,3,11,10,int,Ranged,1,0,1,1,1,0,0,0,2
0,0,2540,1676524409,22,Silencer,0,10,12,int,Ranged,1,0,0,1,1,1,0,1,2
0,1,2452,1676527591,22,Lina,3,9,11,int,Ranged,1,0,0,1,1,0,0,1,2
0,0,3185,1676530724,22,Slark,12,7,22,agi,Melee,1,0,0,1,1,0,0,0,2
0,1,2776,1676607947,22,Tiny,3,15,22,str,Melee,1,0,1,1,1,1,1,0,2
1,0,3659,1676611325,22,Lina,11,13,12,int,Ranged,1,0,0,1,1,0,0,1,2
1,0,2211,1676677141,22,Riki,0,3,22,agi,Melee,1,0,0,0,1,0,0,0,2
1,1,2303,1676679942,22,Riki,2,7,29,agi,Melee,1,0,0,0,1,0,0,0,2
0,1,3066,1676689564,22,Riki,4,9,31,agi,Melee,1,0,0,0,1,0,0,0,2
0,1,2784,1676693789,22,Snapfire,13,10,17,all,Ranged,0,0,0,1,1,0,0,1,2
0,1,1793,1676697352,22,Silencer,3,8,10,int,Ranged,1,0,0,1,1,1,0,1,2
1,0,2897,1676699673,22,Snapfire,12,2,36,all,Ranged,0,0,0,1,1,0,0,1,2
1,1,2089,1676703222,22,Snapfire,9,3,23,all,Ranged,0,0,0,1,1,0,0,1,2
0,0,2696,1676705849,22,Bounty Hunter,3,8,13,agi,Melee,0,0,0,1,0,0,0,0,2
1,1,1905,1676771869,22,Snapfire,4,3,15,all,Ranged,0,0,0,1,1,0,0,1,2
1,0,2901,1676774376,22,Snapfire,5,5,27,all,Ranged,0,0,0,1,1,0,0,1,2
1,1,2951,1676778701,22,Snapfire,13,6,31,all,Ranged,0,0,0,1,1,0,0,1,2
0,0,2809,1676788635,22,Riki,1,6,30,agi,Melee,1,0,0,0,1,0,0,0,2
1,1,2646,1676791909,22,Snapfire,2,7,26,all,Ranged,0,0,0,1,1,0,0,1,2
1,1,3407,1676852016,22,Snapfire,18,8,19,all,Ranged,0,0,0,1,1,0,0,1,2
1,1,3027,1676855990,22,Snapfire,5,11,24,all,Ranged,0,0,0,1,1,0,0,1,2
1,1,1938,1676864460,22,Snapfire,7,4,17,all,Ranged,0,0,0,1,1,0,0,1,2
1,0,1775,1676866891,22,Snapfire,4,4,13,all,Ranged,0,0,0,1,1,0,0,1,2
1,1,2835,1676869116,22,Snapfire,7,4,23,all,Ranged,0,0,0,1,1,0,0,1,2
1,0,2243,1676936122,22,Drow Ranger,10,3,9,agi,Ranged,1,0,1,0,1,0,0,0,2
1,1,2392,1676939500,22,Snapfire,2,6,17,all,Ranged,0,0,0,1,1,0,0,1,2
0,0,2196,1676942252,22,Snapfire,6,8,13,all,Ranged,0,0,0,1,1,0,0,1,2
1,1,2097,1677037224,22,Snapfire,4,5,24,all,Ranged,0,0,0,1,1,0,0,1,2
1,0,2555,1677041186,22,Snapfire,5,8,25,all,Ranged,0,0,0,1,1,0,0,1,2
0,1,1978,1677214848,22,Snapfire,5,3,6,all,Ranged,0,0,0,1,1,0,0,1,2
1,0,1739,1677219244,22,Undying,3,2,10,str,Melee,0,0,0,1,1,0,1,1,2
1,0,2993,1677221617,22,Snapfire,9,8,30,all,Ranged,0,0,0,1,1,0,0,1,2
1,0,4026,1677285659,22,Snapfire,10,7,33,all,Ranged,0,0,0,1,1,0,0,1,2
0,1,2180,1677389167,22,Broodmother,1,11,7,all,Melee,1,0,1,1,0,0,0,0,8
1,1,2082,1677391714,22,Snapfire,5,3,23,all,Ranged,0,0,0,1,1,0,0,1,2
1,0,2343,1677395755,22,Snapfire,5,8,18,all,Ranged,0,0,0,1,1,0,0,1,2
1,0,3185,1677399405,22,Witch Doctor,6,11,30,int,Ranged,0,0,0,1,1,0,0,1,2
1,1,2154,1677551463,22,Snapfire,10,2,20,all,Ranged,0,0,0,1,1,0,0,1,2
0,0,3058,1677560098,22,Snapfire,7,11,25,all,Ranged,0,0,0,1,1,0,0,1,2
1,0,3259,1677564454,22,Death Prophet,4,6,27,int,Ranged,1,0,1,1,1,0,0,0,2
1,0,2715,1677725042,22,Undying,7,7,31,str,Melee,0,0,0,1,1,0,1,1,2
0,1,2814,1677734509,22,Snapfire,4,8,27,all,Ranged,0,0,0,1,1,0,0,1,2
0,0,1974,1677809941,22,Death Prophet,4,8,6,int,Ranged,1,0,1,1,1,0,0,0,2
1,0,2526,1677812646,22,Snapfire,3,4,24,all,Ranged,0,0,0,1,1,0,0,1,2
1,0,2773,1677911220,22,Faceless Void,11,3,9,agi,Melee,1,0,0,0,1,1,1,0,2
1,0,2511,1677987716,22,Snapfire,8,5,24,all,Ranged,0,0,0,1,1,0,0,1,2
0,1,2743,1677990736,22,Warlock,3,14,18,int,Ranged,0,0,0,0,1,1,0,1,2
1,1,1885,1677994181,22,Drow Ranger,13,1,13,agi,Ranged,1,0,1,0,1,0,0,0,2
1,0,2514,1677996797,22,Drow Ranger,6,5,15,agi,Ranged,1,0,1,0,1,0,0,0,2
1,0,2578,1678062166,22,Spectre,10,1,19,agi,Melee,1,0,0,0,0,0,1,0,0
0,0,1994,1678065733,22,Phantom Assassin,0,5,5,agi,Melee,1,0,0,0,0,0,0,0,2
0,0,2109,1678165650,22,Hoodwink,3,8,10,agi,Ranged,0,0,0,1,1,0,0,1,4
1,0,2458,1678168536,22,Huskar,14,5,15,str,Ranged,1,0,0,0,0,1,1,0,2
1,0,2562,1678240595,22,Sand King,11,5,25,all,Melee,0,0,0,1,1,1,0,1,6
0,1,2759,1678244709,22,Doom,1,14,6,str,Melee,1,0,0,1,1,1,1,0,2
0,0,1948,1678334929,22,Medusa,3,3,5,agi,Ranged,1,0,0,0,1,0,1,0,0
1,1,3189,1678418170,22,Snapfire,4,7,23,all,Ranged,0,0,0,1,1,0,0,1,2
1,1,2844,1678512681,22,Mars,9,4,20,str,Melee,1,0,0,0,1,1,1,0,2
1,1,2241,1678516050,22,Disruptor,2,6,22,int,Ranged,0,0,0,1,1,1,0,1,2
1,1,2959,1678519359,22,Drow Ranger,6,7,18,agi,Ranged,1,0,1,0,1,0,0,0,2
0,0,3653,1678657272,22,Witch Doctor,2,11,17,int,Ranged,0,0,0,1,1,0,0,1,2
0,1,2097,1678662000,22,Slark,1,9,2,agi,Melee,1,0,0,1,1,0,0,0,2
0,0,3959,1678664557,22,Snapfire,6,7,15,all,Ranged,0,0,0,1,1,0,0,1,2
1,1,4288,1678669805,22,Snapfire,5,12,21,all,Ranged,0,0,0,1,1,0,0,1,2
0,1,3174,1678764634,22,Snapfire,3,13,20,all,Ranged,0,0,0,1,1,0,0,1,2
1,1,2842,1678846423,22,Necrophos,15,5,15,int,Ranged,1,0,0,1,1,0,1,0,2
0,0,2148,1678849930,22,Necrophos,3,12,11,int,Ranged,1,0,0,1,1,0,1,0,2
0,1,2824,1678853053,22,Techies,5,12,12,all,Ranged,0,0,0,1,1,0,0,0,6
0,1,3121,1678856941,22,Huskar,7,12,7,str,Ranged,1,0,0,0,0,1,1,0,2
0,1,2042,1678926070,22,Necrophos,5,8,3,int,Ranged,1,0,0,1,1,0,1,0,2
1,0,2655,1678929948,22,Juggernaut,14,3,12,agi,Melee,1,0,1,0,0,0,0,0,2
0,1,2332,1679016863,22,Juggernaut,7,4,11,agi,Melee,1,0,1,0,0,0,0,0,2
1,0,2867,1679115979,22,Crystal Maiden,4,12,20,int,Ranged,0,0,0,1,1,0,0,1,2
0,0,3979,1679119364,22,Snapfire,5,12,30,all,Ranged,0,0,0,1,1,0,0,1,2
1,0,2665,1679269388,22,Leshrac,10,4,12,int,Ranged,1,0,1,1,1,0,0,1,4
1,1,2781,1679277622,22,Leshrac,8,9,18,int,Ranged,1,0,1,1,1,0,0,1,4
0,0,2686,1679281603,22,Leshrac,7,8,7,int,Ranged,1,0,1,1,1,0,0,1,4
1,0,2035,1679633426,22,Hoodwink,3,7,15,agi,Ranged,0,0,0,1,1,0,0,1,4
0,0,2731,1679636069,22,Crystal Maiden,4,12,18,int,Ranged,0,0,0,1,1,0,0,1,2
0,0,3950,1679714271,22,Beastmaster,9,9,39,all,Melee,0,0,0,1,1,1,1,0,2
1,1,2766,1679768446,22,Wraith King,6,4,18,str,Melee,1,0,0,0,1,1,1,1,2
1,0,2057,1679772294,22,Juggernaut,7,1,6,agi,Melee,1,0,1,0,0,0,0,0,2
0,1,1735,1679776881,22,Mars,4,5,5,str,Melee,1,0,0,0,1,1,1,0,2
1,0,3700,1679780216,22,Riki,4,10,39,agi,Melee,1,0,0,0,1,0,0,0,2
0,1,1582,1679965826,22,Naga Siren,0,2,2,agi,Melee,1,0,1,0,1,1,0,1,0
1,0,3076,1679968516,22,Timbersaw,13,6,18,all,Melee,0,0,0,1,0,0,1,0,2
0,0,2319,1680326350,22,Bounty Hunter,2,6,15,agi,Melee,0,0,0,1,0,0,0,0,2
1,1,2430,1680407090,22,Mirana,3,10,29,all,Ranged,1,0,0,1,1,0,0,1,2
1,1,2319,1680585492,22,Mirana,9,4,29,all,Ranged,1,0,0,1,1,0,0,1,2
0,1,1757,1680588713,22,Mirana,3,8,5,all,Ranged,1,0,0,1,1,0,0,1,2
0,0,1973,1680816018,22,Mirana,4,7,9,all,Ranged,1,0,0,1,1,0,0,1,2
1,0,2202,1680818634,22,Snapfire,11,1,26,all,Ranged,0,0,0,1,1,0,0,1,2
1,1,1809,1680842187,22,Snapfire,9,2,14,all,Ranged,0,0,0,1,1,0,0,1,2
1,0,2128,1680844661,22,Snapfire,10,5,15,all,Ranged,0,0,0,1,1,0,0,1,2
1,1,2432,1680931916,22,Snapfire,3,7,21,all,Ranged,0,0,0,1,1,0,0,1,2
0,1,3088,1680935175,22,Snapfire,10,7,24,all,Ranged,0,0,0,1,1,0,0,1,2
0,0,2616,1681262076,22,Jakiro,4,9,16,int,Ranged,0,0,1,1,1,0,0,1,2
0,0,2752,1681359549,22,Spectre,13,5,16,agi,Melee,1,0,0,0,0,0,1,0,0
1,1,2063,1681363368,22,Spectre,1,4,22,agi,Melee,1,0,0,0,0,0,1,0,0
1,0,2248,1681366444,22,Spectre,5,2,27,agi,Melee,1,0,0,0,0,0,1,0,0
0,1,1441,1681369372,22,Spectre,1,7,2,agi,Melee,1,0,0,0,0,0,1,0,0
0,1,1998,1681371262,22,Drow Ranger,3,8,4,agi,Ranged,1,0,1,0,1,0,0,0,2
0,0,3413,1681696959,22,Faceless Void,5,7,14,agi,Melee,1,0,0,0,1,1,1,0,2
1,0,2822,1681879341,22,Snapfire,8,8,35,all,Ranged,0,0,0,1,1,0,0,1,2
1,0,2477,1681882789,22,Snapfire,3,7,14,all,Ranged,0,0,0,1,1,0,0,1,2
1,1,2593,1682107172,22,Phantom Lancer,12,1,11,agi,Melee,1,0,1,1,0,0,0,0,2
0,1,2838,1682231373,22,Witch Doctor,1,13,18,int,Ranged,0,0,0,1,1,0,0,1,2
1,0,3431,1682234827,22,Phantom Lancer,6,5,12,agi,Melee,1,0,1,1,0,0,0,0,2
0,0,1922,1682286501,22,Lion,2,11,7,int,Ranged,0,0,0,1,1,1,0,1,2
1,1,2344,1682296847,22,Sand King,12,6,20,all,Melee,0,0,0,1,1,1,0,1,6
0,0,2447,1682299700,22,Doom,7,8,12,str,Melee,1,0,0,1,1,1,1,0,2
1,0,2881,1682302990,22,Riki,18,6,30,agi,Melee,1,0,0,0,1,0,0,0,2
1,1,2551,1682306741,22,Anti-Mage,10,3,15,agi,Melee,1,0,0,1,0,0,0,0,2
0,1,2143,1682309674,22,Phantom Lancer,6,5,7,agi,Melee,1,0,1,1,0,0,0,0,2
0,1,1724,1682383201,22,Sand King,1,7,8,all,Melee,0,0,0,1,1,1,0,1,6
1,0,3266,1682388400,22,Snapfire,14,9,20,all,Ranged,0,0,0,1,1,0,0,1,2
1,0,2369,1682440761,22,Snapfire,9,4,26,all,Ranged,0,0,0,1,1,0,0,1,2
0,0,2790,1682443852,22,Snapfire,6,6,12,all,Ranged,0,0,0,1,1,0,0,1,2
0,1,1789,1682473930,22,Snapfire,4,7,5,all,Ranged,0,0,0,1,1,0,0,1,2
0,1,3013,1682486982,22,Riki,13,10,13,agi,Melee,1,0,0,0,1,0,0,0,2
